date,apparent_temperature_max,apparent_temperature_min,apparent_temperature_mean,sunrise,sunset,daylight_duration,sunshine_duration,precipitation_sum,rain_sum,snowfall_sum,precipitation_hours,wind_speed_10m_max,wind_gusts_10m_max,wind_direction_10m_dominant
2023-06-01 04:00:00+00:00,29.684107,10.912403,19.173944,0,0,51907.418,36000.0,0.09448818,0.0,0.6614173,12.0,3.414632,17.0012,289.11304
2023-06-02 04:00:00+00:00,22.607117,3.8360348,13.446162,0,0,51964.082,24776.424,0.13385825,0.0,0.9921258,17.0,6.056448,20.133,2.823933
2023-06-03 04:00:00+00:00,22.945555,1.9668884,13.472855,0,0,52017.91,32471.48,0.36220467,0.0,2.5354328,17.0,4.297137,16.1064,333.22122
2023-06-04 04:00:00+00:00,23.885506,-1.1166725,10.072239,0,0,52068.82,48549.71,0.0,0.0,0.0,0.0,3.9576569,16.330101,234.78227
2023-06-05 04:00:00+00:00,22.793442,3.575657,12.288624,0,0,52116.695,48581.383,0.0,0.0,0.0,0.0,4.0328093,12.079801,205.5599
2023-06-06 04:00:00+00:00,24.819307,10.99387,16.684618,0,0,52161.473,35300.477,0.06692912,0.0,0.49606287,17.0,3.4943058,12.750899,25.588514
2023-06-07 04:00:00+00:00,23.687737,7.844805,16.572018,0,0,52203.17,27674.445,0.18110234,0.0,1.2952754,19.0,3.9067528,13.1983,14.215896
2023-06-08 04:00:00+00:00,24.30268,4.010544,14.639592,0,0,52242.145,37000.19,0.0,0.0,0.0,0.0,4.9416943,17.6723,322.28394
2023-06-09 04:00:00+00:00,25.979174,3.9627686,15.378372,0,0,52278.4,40600.273,0.0,0.0,0.0,0.0,4.5240526,16.5538,325.14542
2023-06-10 04:00:00+00:00,28.0095,4.5104103,16.84054,0,0,52311.906,43224.754,0.0,0.0,0.0,0.0,3.9576569,14.9879,204.0013
2023-06-11 04:00:00+00:00,28.523075,15.386307,22.362078,0,0,52342.645,45527.598,0.027559055,0.0,0.19291338,7.0,3.6415722,11.8561,243.43523
2023-06-12 04:00:00+00:00,33.24825,14.416157,23.16289,0,0,52370.582,41880.79,0.059055105,0.0,0.41338575,13.0,3.8291273,11.4087,199.98328
2023-06-13 04:00:00+00:00,32.910755,19.934341,24.443155,0,0,52395.703,37981.312,0.33858263,0.0,2.3976374,19.0,3.5014586,13.422,132.96909
2023-06-14 04:00:00+00:00,33.59875,4.8712063,19.821236,0,0,52417.98,41587.246,0.003937008,0.0,0.027559055,1.0,4.966946,19.9093,240.51535
2023-06-15 04:00:00+00:00,30.929205,5.958496,18.986073,0,0,52437.395,40658.54,0.0,0.0,0.0,0.0,4.112674,16.7775,247.52817
2023-06-16 04:00:00+00:00,32.410217,1.873663,18.60509,0,0,52453.92,40774.066,0.0,0.0,0.0,0.0,5.5565925,16.1064,228.63304
2023-06-17 04:00:00+00:00,33.23108,4.994156,19.448492,0,0,52467.547,40771.547,0.0,0.0,0.0,0.0,4.787389,14.764199,235.28925
2023-06-18 04:00:00+00:00,33.528618,-0.9959717,17.792004,0,0,52478.254,47577.33,0.003937008,0.0,0.027559055,1.0,5.8718586,17.4486,245.80673
2023-06-19 04:00:00+00:00,35.233826,5.5165157,21.371689,0,0,52486.02,48923.5,0.003937008,0.0,0.027559055,1.0,4.2737823,17.6723,238.07645
2023-06-20 04:00:00+00:00,37.15532,8.91403,23.678766,0,0,52490.832,48939.39,0.0,0.0,0.0,0.0,3.8094735,18.5671,238.41875
2023-06-21 04:00:00+00:00,40.223106,15.52869,27.451437,0,0,52492.676,48953.76,0.0,0.0,0.0,0.0,4.112674,13.869399,230.85597
2023-06-22 04:00:00+00:00,45.42584,11.373949,29.150827,0,0,52491.535,48966.543,0.0,0.0,0.0,0.0,4.457191,18.119701,249.85364
2023-06-23 04:00:00+00:00,48.214264,14.029346,32.00175,0,0,52487.402,48977.66,0.0,0.0,0.0,0.0,3.8486803,12.750899,236.5138
2023-06-24 04:00:00+00:00,48.704437,20.437836,33.101334,0,0,52480.266,45387.047,0.0,0.0,0.0,0.0,4.906124,23.7122,257.00537
2023-06-25 04:00:00+00:00,47.18892,19.582363,33.476475,0,0,52470.117,48994.633,0.0,0.0,0.0,0.0,3.8616607,18.5671,260.65536
2023-06-26 04:00:00+00:00,47.749054,18.446375,32.492954,0,0,52456.945,43200.0,0.03543307,0.0,0.2480315,7.0,5.8547893,25.501799,263.29025
2023-06-27 04:00:00+00:00,42.841724,19.472305,31.186266,0,0,52440.69,41731.203,0.007874016,0.0,0.05511811,2.0,6.3271914,28.6336,275.1538
2023-06-28 04:00:00+00:00,46.93616,24.192593,34.502617,0,0,52421.195,47232.895,0.03543307,0.0,0.2480315,2.0,6.023307,21.0278,286.19873
2023-06-29 04:00:00+00:00,42.361717,21.103205,29.54957,0,0,52398.504,44749.773,0.36614174,0.0,2.590551,10.0,7.927948,30.8706,299.85886
2023-06-30 04:00:00+00:00,40.20114,16.912848,29.419573,0,0,52372.68,44952.914,0.18503936,0.0,1.2952754,13.0,5.9058495,22.1463,303.6901
2023-07-01 04:00:00+00:00,35.93815,15.644794,26.128685,0,0,52343.79,48997.664,0.08661417,0.0,0.6062992,10.0,5.3874097,21.4752,315.0001
2023-07-02 04:00:00+00:00,37.173027,14.896399,25.995287,0,0,52311.9,46997.29,0.0,0.0,0.0,0.0,6.362683,21.0278,314.03726
2023-07-03 04:00:00+00:00,39.83828,16.258305,27.052725,0,0,52277.062,45350.254,0.05511811,0.0,0.38582677,6.0,5.6636314,16.7775,341.16617
2023-07-04 04:00:00+00:00,39.745937,24.170273,30.345055,0,0,52239.355,38488.266,0.2086614,0.0,1.4606297,22.0,6.362683,19.461899,343.38547
2023-07-05 04:00:00+00:00,39.115646,17.143452,29.74518,0,0,52198.844,42684.93,0.2519685,0.0,1.7637795,13.0,4.244409,19.461899,283.34445
2023-07-06 04:00:00+00:00,45.460983,20.877796,33.95216,0,0,52155.594,43048.465,0.03543307,0.0,0.2480315,8.0,7.395645,29.081,265.0784
2023-07-07 04:00:00+00:00,47.375458,23.215332,35.35374,0,0,52109.676,48782.54,0.039370075,0.0,0.27559054,3.0,8.998192,31.9891,237.85179
2023-07-08 04:00:00+00:00,48.08973,31.68161,37.524933,0,0,52061.15,28289.445,0.2559055,0.0,1.7913386,15.0,9.130688,37.1342,233.97253
2023-07-09 04:00:00+00:00,46.641453,27.797207,35.02703,0,0,52010.094,31648.43,0.118110225,0.031496063,0.60629916,11.0,6.002501,22.8174,288.5019
2023-07-10 04:00:00+00:00,46.349712,20.233568,32.860035,0,0,51956.57,37238.36,0.0,0.0,0.0,0.0,6.6095686,27.9625,253.74614
2023-07-11 04:00:00+00:00,42.846912,20.24487,30.009535,0,0,51900.65,42010.41,0.14960629,0.007874016,0.992126,12.0,6.5830164,26.620298,312.803
2023-07-12 04:00:00+00:00,34.127106,16.988281,24.694235,0,0,51842.406,45378.95,0.0,0.0,0.0,0.0,7.569527,25.501799,338.494
2023-07-13 04:00:00+00:00,37.915516,11.532492,25.930908,0,0,51781.902,48324.926,0.0,0.0,0.0,0.0,6.502709,20.133,357.45523
2023-07-14 04:00:00+00:00,41.352318,21.542795,30.471382,0,0,51719.207,40629.72,0.0,0.0,0.0,0.0,5.5924997,16.330101,21.037546
2023-07-15 04:00:00+00:00,44.984577,24.927155,32.87862,0,0,51654.39,25925.625,0.07874015,0.003937008,0.52362204,7.0,4.6548953,13.869399,48.69152
2023-07-16 04:00:00+00:00,46.736153,30.132341,35.13869,0,0,51587.523,30858.43,0.28346455,0.055118114,1.598425,11.0,5.9058495,16.7775,24.020262
2023-07-17 04:00:00+00:00,42.60103,16.996775,31.697174,0,0,51518.465,37683.113,0.19685039,0.023622049,1.2125984,5.0,5.3781123,13.6456995,2.7261927
2023-07-18 04:00:00+00:00,48.334118,25.974798,35.299526,0,0,51446.625,43931.227,0.0,0.0,0.0,0.0,5.8075895,17.0012,43.854313
2023-07-19 04:00:00+00:00,46.247784,26.045311,35.858883,0,0,51372.08,39792.07,0.0,0.0,0.0,0.0,7.203696,22.8174,101.0765
2023-07-20 04:00:00+00:00,53.095493,32.258816,38.37869,0,0,51294.934,29031.814,0.32677162,0.1456693,1.2677164,11.0,3.6415722,14.764199,91.99203
2023-07-21 04:00:00+00:00,48.123905,30.082659,36.442127,0,0,51215.312,31058.877,0.42519683,0.06692913,2.5078738,13.0,5.2031293,15.659,28.22867
2023-07-22 04:00:00+00:00,45.112812,30.445286,35.358887,0,0,51133.32,30640.254,0.24409449,0.027559057,1.5157479,14.0,5.6103673,15.8827,17.585583
2023-07-23 04:00:00+00:00,44.85193,27.702938,34.01185,0,0,51049.082,41444.195,0.28346455,0.03149606,1.7637796,10.0,5.0469017,15.659,348.95908
2023-07-24 04:00:00+00:00,46.55104,26.039698,35.03532,0,0,50962.7,37353.92,0.118110225,0.0,0.8267716,9.0,4.8393707,16.5538,315.57288
2023-07-25 04:00:00+00:00,45.080994,23.46637,33.665306,0,0,50874.285,37165.23,0.1023622,0.003937008,0.68897635,9.0,6.54872,17.6723,335.556
2023-07-26 04:00:00+00:00,42.653435,25.74352,33.713303,0,0,50783.953,44410.26,0.04330709,0.003937008,0.27559057,7.0,6.279558,17.6723,359.4299
2023-07-27 04:00:00+00:00,45.748093,29.37582,36.05572,0,0,50691.81,42552.723,0.25590548,0.03149606,1.5708659,15.0,5.1645155,15.8827,39.13969
2023-07-28 04:00:00+00:00,46.892384,29.897034,35.66068,0,0,50597.953,32060.055,0.44094485,0.047244087,2.7559052,16.0,5.1060476,16.1064,10.822958
2023-07-29 04:00:00+00:00,43.787445,19.902988,29.650045,0,0,50502.5,30258.04,0.22047244,0.015748026,1.4330709,10.0,4.5240526,14.9879,320.05386
2023-07-30 04:00:00+00:00,38.00042,23.056015,29.472267,0,0,50405.543,36235.75,0.04330708,0.0,0.30314958,6.0,4.9518104,14.093101,18.348639
2023-07-31 04:00:00+00:00,43.789936,26.189186,32.473053,0,0,50307.19,38369.273,0.08267716,0.0,0.60629916,7.0,4.7821593,15.4353,12.619284
2023-08-01 04:00:00+00:00,43.162506,25.874823,32.736988,0,0,50207.543,43338.04,0.05905512,0.0039370083,0.38582677,5.0,5.6103673,15.659,359.72583
2023-08-02 04:00:00+00:00,45.032837,25.462662,34.219334,0,0,50106.695,45145.656,0.10236219,0.01968504,0.5787401,13.0,4.8186455,14.764199,24.846647
2023-08-03 04:00:00+00:00,44.282967,25.87439,33.642292,0,0,50004.746,43048.01,0.14566928,0.03543307,0.77165353,9.0,4.5626025,14.3168,342.32657
2023-08-04 04:00:00+00:00,44.333553,26.161032,33.95215,0,0,49901.79,35915.21,0.04330709,0.011811024,0.22047244,2.0,5.833382,16.7775,355.16568
2023-08-05 04:00:00+00:00,45.931564,30.563192,36.35131,0,0,49797.914,41554.707,0.090551175,0.023622047,0.4685039,12.0,5.110945,13.869399,33.33511
2023-08-06 04:00:00+00:00,48.086285,25.562164,35.358032,0,0,49692.95,38717.12,0.26377952,0.03149607,1.6259842,11.0,4.5240526,14.5405,314.38394
2023-08-07 04:00:00+00:00,49.159485,23.299788,35.991566,0,0,49586.09,44516.0,0.011811024,0.0,0.08267716,3.0,7.1618943,26.620298,251.13629
2023-08-08 04:00:00+00:00,46.266342,21.665882,34.192543,0,0,49477.402,39703.836,0.0,0.0,0.0,0.0,5.378113,17.6723,297.33228
2023-08-09 04:00:00+00:00,46.485004,28.855026,35.61718,0,0,49366.992,43282.89,0.031496063,0.011811024,0.13779527,4.0,5.222329,15.659,7.7217107
2023-08-10 04:00:00+00:00,48.40433,30.931551,37.959194,0,0,49254.984,36011.7,0.16141732,0.04330709,0.8267717,11.0,4.9416943,14.764199,12.056723
2023-08-11 04:00:00+00:00,53.119377,28.781605,38.70699,0,0,49141.477,35685.28,0.07086614,0.059055112,0.08267717,9.0,5.956472,21.6989,316.72076
2023-08-12 04:00:00+00:00,52.391697,27.66735,38.102024,0,0,49026.598,39000.285,0.10629921,0.06692913,0.27559054,10.0,6.818264,23.2648,335.32315
2023-08-13 04:00:00+00:00,50.82999,22.536287,35.147022,0,0,48910.44,43620.414,0.04330709,0.011811024,0.22047244,7.0,6.6057816,23.4885,293.0913
2023-08-14 04:00:00+00:00,49.16668,25.834175,36.652336,0,0,48793.117,42334.16,0.0,0.0,0.0,0.0,7.063396,29.7521,261.74066
2023-08-15 04:00:00+00:00,41.61724,20.108559,30.14118,0,0,48674.734,43993.176,0.15354331,0.0,1.0748031,9.0,6.4873004,19.0145,320.66373
2023-08-16 04:00:00+00:00,43.427097,23.58347,31.950914,0,0,48555.39,40699.82,0.13779527,0.003937008,0.93700784,7.0,5.4152036,19.6856,77.1958
2023-08-17 04:00:00+00:00,46.067223,24.233437,33.710285,0,0,48435.188,40196.613,0.062992126,0.003937008,0.4133858,5.0,5.0469017,14.5405,342.8596
2023-08-18 04:00:00+00:00,48.55029,26.786049,35.53786,0,0,48314.227,40005.89,0.05905512,0.003937008,0.38582677,4.0,6.1710396,23.0411,313.09088
2023-08-19 04:00:00+00:00,51.095142,25.934265,36.93346,0,0,48192.598,43200.0,0.039370082,0.003937008,0.2480315,4.0,6.0770693,22.1463,283.2127
2023-08-20 04:00:00+00:00,49.798668,26.826605,37.183582,0,0,48070.402,43521.24,0.027559057,0.015748031,0.08267716,4.0,5.751309,19.238201,327.45825
2023-08-21 04:00:00+00:00,49.893658,24.749908,37.899395,0,0,47947.727,43968.246,0.027559057,0.01968504,0.05511811,4.0,5.1450996,15.2116,305.16647
2023-08-22 04:00:00+00:00,52.725483,22.960133,37.532803,0,0,47824.676,39610.54,0.03543307,0.03543307,0.0,6.0,6.1710396,23.2648,304.28687
2023-08-23 04:00:00+00:00,48.793045,27.54319,34.64032,0,0,47701.324,39573.93,0.07874016,0.015748031,0.44094485,9.0,5.9438567,20.3567,355.52518
2023-08-24 04:00:00+00:00,39.84652,22.410883,29.324265,0,0,47577.77,25500.568,0.37795272,0.003937004,2.61811,20.0,4.5295796,13.6456995,17.311747
2023-08-25 04:00:00+00:00,40.062107,22.618525,29.17359,0,0,47454.094,35824.355,0.24803151,0.007874018,1.6811023,13.0,4.457191,15.4353,11.3098955
2023-08-26 04:00:00+00:00,39.972397,13.836788,28.082972,0,0,47330.105,41203.344,0.22047244,0.0,1.5433071,11.0,4.2737823,13.422,265.12616
2023-08-27 04:00:00+00:00,38.77378,13.104246,26.145739,0,0,47204.965,42872.133,0.18503934,0.0,1.2952754,10.0,5.3172884,17.6723,271.23633
2023-08-28 04:00:00+00:00,35.199867,17.965694,26.137331,0,0,47078.703,42931.72,0.007874016,0.0,0.05511811,2.0,5.80328,20.3567,275.94138
2023-08-29 04:00:00+00:00,37.20457,12.405987,24.061247,0,0,46951.414,43421.38,0.003937008,0.0,0.027559055,1.0,6.891267,27.9625,275.72885
2023-08-30 04:00:00+00:00,40.90145,15.55328,27.149405,0,0,46823.195,43238.68,0.0,0.0,0.0,0.0,4.58994,12.5272,242.93533
2023-08-31 04:00:00+00:00,47.85829,15.736031,32.91721,0,0,46694.14,42700.88,0.0,0.0,0.0,0.0,5.1499605,21.0278,240.6243
2023-09-01 04:00:00+00:00,49.637974,20.999691,33.517044,0,0,46564.336,42470.965,0.0,0.0,0.0,0.0,6.2395864,25.0544,267.55035
2023-09-02 04:00:00+00:00,47.151714,19.60595,32.14507,0,0,46433.88,42387.906,0.003937008,0.0,0.027559055,1.0,7.3820996,29.528399,271.2844
2023-09-03 04:00:00+00:00,43.32763,18.365595,28.9924,0,0,46302.85,42459.15,0.04330709,0.0,0.30314958,6.0,7.4663534,27.738798,277.67438
2023-09-04 04:00:00+00:00,40.492252,15.369566,28.872026,0,0,46171.344,42613.37,0.0,0.0,0.0,0.0,6.6246934,24.159601,266.78052
2023-09-05 04:00:00+00:00,35.625668,15.236361,24.955374,0,0,46039.44,42134.78,0.031496063,0.0,0.2480315,6.0,7.3379054,26.620298,308.85342
2023-09-06 04:00:00+00:00,33.78755,16.591595,24.436007,0,0,45907.23,42205.25,0.05905512,0.0,0.44094485,7.0,4.4120536,17.4486,271.01694
2023-09-07 04:00:00+00:00,37.701508,15.729837,26.372276,0,0,45774.79,42190.42,0.011811024,0.0,0.08267716,3.0,6.1872363,19.6856,282.3311
2023-09-08 04:00:00+00:00,41.91875,17.013308,28.557165,0,0,45642.21,41963.63,0.0,0.0,0.0,0.0,5.0469017,19.9093,266.85196
2023-09-09 04:00:00+00:00,37.8335,16.365313,26.138283,0,0,45509.56,40749.85,0.01968504,0.0,0.13779528,3.0,6.2636,19.9093,335.47516
2023-09-10 04:00:00+00:00,39.661316,17.273975,27.11627,0,0,45376.938,41705.293,0.035433073,0.0,0.24803151,3.0,4.8290186,15.659,298.04004
2023-09-11 04:00:00+00:00,41.27693,20.330975,30.252014,0,0,45244.406,41766.59,0.007874016,0.0,0.05511811,2.0,3.796315,12.079801,229.61058
2023-09-12 04:00:00+00:00,47.772175,18.786,32.909348,0,0,45112.06,41676.777,0.0,0.0,0.0,0.0,5.5340323,16.7775,268.16428
2023-09-13 04:00:00+00:00,50.058205,18.484806,34.700096,0,0,44979.97,41586.414,0.0,0.0,0.0,0.0,4.5626025,14.5405,255.14128
2023-09-14 04:00:00+00:00,50.640675,19.848988,34.196575,0,0,44848.21,41446.32,0.0,0.0,0.0,0.0,5.80328,23.4885,261.75067
2023-09-15 04:00:00+00:00,48.990757,19.733435,33.331356,0,0,44716.582,41312.71,0.0,0.0,0.0,0.0,5.442856,22.1463,267.66702
2023-09-16 04:00:00+00:00,45.434383,15.959965,29.475164,0,0,44584.234,39204.906,0.007874016,0.0,0.05511811,1.0,6.0852976,20.580399,306.49136
2023-09-17 04:00:00+00:00,43.898956,20.3393,30.680216,0,0,44451.184,40564.93,0.027559057,0.0,0.19291338,2.0,5.8718586,24.383299,289.5664
2023-09-18 04:00:00+00:00,39.914474,22.51565,29.75998,0,0,44317.516,33654.89,0.12204723,0.0,0.85433066,10.0,6.154799,23.9359,290.8909
2023-09-19 04:00:00+00:00,39.85454,18.088804,27.286795,0,0,44183.316,40922.176,0.03543307,0.0,0.24803151,4.0,6.673612,24.159601,278.74603
2023-09-20 04:00:00+00:00,40.03344,16.568253,27.89985,0,0,44048.668,40843.31,0.0,0.0,0.0,0.0,6.949117,27.738798,259.89645
2023-09-21 04:00:00+00:00,36.734142,12.536032,24.878687,0,0,43913.66,40111.89,0.0,0.0,0.0,0.0,8.081114,32.660202,260.66168
2023-09-22 04:00:00+00:00,34.566948,16.844498,24.385252,0,0,43778.37,35033.48,0.16535431,0.0,1.1574802,9.0,10.187565,40.266,268.979
2023-09-23 04:00:00+00:00,24.415459,13.262863,17.20954,0,0,43642.895,33274.523,0.22047244,0.0,1.5708661,13.0,5.1499605,22.8174,302.8597
2023-09-24 04:00:00+00:00,24.408064,7.4230595,16.201838,0,0,43507.3,39681.445,0.13385826,0.0,0.93700784,9.0,5.07163,19.9093,269.15747
2023-09-25 04:00:00+00:00,26.181087,1.0458221,15.395012,0,0,43371.68,40098.375,0.027559055,0.0,0.1929134,4.0,5.3360767,21.2515,262.16083
2023-09-26 04:00:00+00:00,25.858238,0.0074214935,13.013538,0,0,43236.11,39967.633,0.0,0.0,0.0,0.0,7.8804655,33.3313,248.00037
2023-09-27 04:00:00+00:00,25.41032,0.46681595,13.963363,0,0,43100.684,39831.703,0.0,0.0,0.0,0.0,7.4663534,29.3047,246.81879
2023-09-28 04:00:00+00:00,31.193832,6.6397305,17.814068,0,0,42965.48,39704.5,0.0,0.0,0.0,0.0,6.7147274,26.1729,240.74614
2023-09-29 04:00:00+00:00,30.827148,5.6076164,18.342108,0,0,42830.574,39544.594,0.0,0.0,0.0,0.0,7.02076,32.660202,233.3798
2023-09-30 04:00:00+00:00,28.461452,5.619869,16.584688,0,0,42696.062,39445.008,0.0,0.0,0.0,0.0,8.750073,35.3446,240.53584
2023-10-01 04:00:00+00:00,28.936195,8.436676,17.987513,0,0,42562.02,39383.996,0.0,0.0,0.0,0.0,6.1058216,26.620298,239.46773
2023-10-02 04:00:00+00:00,29.690397,5.139822,17.87832,0,0,42428.535,39276.258,0.007874016,0.0,0.05511811,2.0,7.2210417,35.3446,240.21053
2023-10-03 04:00:00+00:00,25.710749,8.015066,15.854122,0,0,42295.695,39231.258,0.01968504,0.0,0.13779527,4.0,6.405793,25.501799,250.4797
2023-10-04 04:00:00+00:00,22.557734,0.42663574,11.904212,0,0,42163.586,39176.617,0.04330709,0.0,0.30314958,4.0,5.8718586,23.7122,273.83524
2023-10-05 04:00:00+00:00,22.518822,4.83576,13.03983,0,0,42031.984,39044.293,0.0,0.0,0.0,0.0,6.673612,24.8307,264.07703
2023-10-06 04:00:00+00:00,31.771666,7.9803658,20.180115,0,0,41899.97,38908.98,0.011811024,0.003937008,0.08267716,2.0,6.7147274,27.9625,252.82729
2023-10-07 04:00:00+00:00,28.155886,4.66897,16.645401,0,0,41767.56,38773.035,0.0,0.0,0.0,0.0,6.9346995,28.409899,256.71133
2023-10-08 04:00:00+00:00,26.323086,3.7724037,15.181739,0,0,41634.848,38636.57,0.031496063,0.0,0.22047246,5.0,5.733881,23.0411,265.65683
2023-10-09 04:00:00+00:00,25.469555,8.365547,15.5927,0,0,41501.934,35579.383,0.023622049,0.0,0.16535434,3.0,7.405788,31.318,253.08191
2023-10-10 04:00:00+00:00,16.159092,-1.8230362,7.277189,0,0,41368.91,32664.389,0.07480315,0.0,0.52362204,8.0,5.8162003,20.3567,313.98993
2023-10-11 04:00:00+00:00,17.574482,-0.647419,8.578359,0,0,41235.875,38224.914,0.0,0.0,0.0,0.0,4.112674,12.974601,264.5597
2023-10-12 04:00:00+00:00,21.809128,3.5266418,11.834844,0,0,41102.918,38087.29,0.0,0.0,0.0,0.0,5.3031526,17.2249,274.32755
2023-10-13 04:00:00+00:00,25.923496,0.09413147,12.960357,0,0,40970.15,37949.613,0.0,0.0,0.0,0.0,5.101145,21.2515,249.24416
2023-10-14 04:00:00+00:00,24.230137,2.9921455,13.748622,0,0,40837.656,33583.473,0.003937008,0.0,0.027559055,1.0,6.5027094,28.409899,249.67676
2023-10-15 04:00:00+00:00,16.650864,-9.532982,5.362347,0,0,40705.543,34939.625,0.18110235,0.0,1.2677164,12.0,5.716399,17.4486,248.43547
2023-10-16 04:00:00+00:00,18.39281,-0.32366562,10.500601,0,0,40573.918,31343.87,0.07086614,0.0,0.49606293,12.0,3.1793742,14.093101,165.00488
2023-10-17 04:00:00+00:00,17.165699,-4.9162903,5.4131203,0,0,40442.875,35680.5,0.023622047,0.0,0.16535433,2.0,3.9828653,12.5272,260.13422
2023-10-18 04:00:00+00:00,13.157345,-9.44672,1.4146749,0,0,40312.52,35920.883,0.0,0.0,0.0,0.0,4.474,12.974601,285.47134
2023-10-19 04:00:00+00:00,12.540312,-11.203712,0.4233893,0,0,40182.96,37128.69,0.0,0.0,0.0,0.0,4.7453933,12.750899,250.87466
2023-10-20 04:00:00+00:00,14.58379,-9.651806,3.3177083,0,0,40054.3,36993.754,0.0,0.0,0.0,0.0,4.906124,15.8827,246.22763
2023-10-21 04:00:00+00:00,15.655682,-9.370491,4.5121922,0,0,39926.656,36859.656,0.0,0.0,0.0,0.0,4.906124,14.5405,240.98488
2023-10-22 04:00:00+00:00,17.10894,-10.843147,3.4182308,0,0,39800.13,36097.67,0.007874016,0.0,0.05511811,2.0,5.3734584,21.2515,237.65256
2023-10-23 04:00:00+00:00,14.990925,-6.7432404,3.4833698,0,0,39674.844,36594.49,0.0,0.0,0.0,0.0,4.124824,12.750899,246.8734
2023-10-24 04:00:00+00:00,13.98448,-8.481167,2.6088948,0,0,39550.906,36463.668,0.055118114,0.0,0.38582677,7.0,4.3434687,13.1983,206.0033
2023-10-25 04:00:00+00:00,13.599655,-10.418678,1.0506316,0,0,39428.086,36333.824,0.0,0.0,0.0,0.0,4.9264812,13.422,234.70929
2023-10-26 04:00:00+00:00,15.6615505,-9.941093,2.2405841,0,0,39305.37,36203.984,0.0,0.0,0.0,0.0,5.07163,13.6456995,222.09604
2023-10-27 04:00:00+00:00,17.06773,-11.951458,2.6022513,0,0,39182.79,36074.1,0.0,0.0,0.0,0.0,5.378113,15.4353,222.13745
2023-10-28 04:00:00+00:00,17.733685,-10.489571,4.143578,0,0,39060.453,35944.29,0.0,0.0,0.0,0.0,5.2223296,14.764199,238.54578
2023-10-29 04:00:00+00:00,17.137394,-3.2616043,6.5363255,0,0,38938.477,35814.688,0.0,0.0,0.0,0.0,3.9576569,10.9613,231.26341
2023-10-30 04:00:00+00:00,18.233366,-5.957939,6.1759143,0,0,38816.965,35685.402,0.0,0.0,0.0,0.0,4.7189565,13.422,229.15135
2023-10-31 04:00:00+00:00,21.11207,-9.201015,5.933418,0,0,38696.047,35556.57,0.0,0.0,0.0,0.0,5.378113,15.659,230.19444
2023-11-01 04:00:00+00:00,16.665958,-8.773064,5.23876,0,0,38575.848,34572.637,0.0,0.0,0.0,0.0,5.3734584,21.2515,247.5154
2023-11-02 04:00:00+00:00,13.154816,-14.4003105,-0.2168827,0,0,38456.477,34918.406,0.01968504,0.0,0.13779527,4.0,6.52192,27.067701,266.80914
2023-11-03 04:00:00+00:00,6.9846764,-14.005596,-2.3807871,0,0,38338.062,35174.1,0.0,0.0,0.0,0.0,6.3350954,22.5937,266.8779
2023-11-04 04:00:00+00:00,12.287584,-9.9507675,0.9473526,0,0,38220.73,35048.406,0.0,0.0,0.0,0.0,4.58994,13.1983,241.12027
2023-11-05 04:00:00+00:00,14.2054405,-14.584476,1.4397612,0,0,38104.61,34923.844,0.0,0.0,0.0,0.0,5.5565925,15.8827,212.35352
2023-11-06 04:00:00+00:00,15.371946,-13.0531845,1.4291219,0,0,37989.832,33690.867,0.0,0.0,0.0,0.0,5.3874097,16.1064,242.97847
2023-11-07 04:00:00+00:00,14.287256,-11.311352,1.4300553,0,0,37876.535,34678.703,0.0,0.0,0.0,0.0,5.0617533,14.3168,243.98323
2023-11-08 04:00:00+00:00,15.524357,-12.292912,2.091692,0,0,37764.84,33564.062,0.0,0.0,0.0,0.0,5.3172884,17.4486,242.51834
2023-11-09 04:00:00+00:00,14.477432,-11.847805,1.7198449,0,0,37654.9,34439.883,0.0,0.0,0.0,0.0,6.0440416,23.7122,235.39049
2023-11-10 04:00:00+00:00,13.742714,-13.910816,0.76570684,0,0,37546.85,33437.457,0.011811024,0.0,0.08267716,2.0,8.325127,35.5683,231.36209
2023-11-11 04:00:00+00:00,8.914513,-14.880188,-2.9878633,0,0,37440.83,34208.637,0.0,0.0,0.0,0.0,5.0617533,15.2116,244.16713
2023-11-12 04:00:00+00:00,15.810802,-8.76284,3.4299762,0,0,37336.992,34096.266,0.003937008,0.0,0.027559055,1.0,5.442856,23.7122,241.75903
2023-11-13 04:00:00+00:00,11.499962,-10.623222,0.76797265,0,0,37235.477,33986.273,0.0,0.0,0.0,0.0,7.8804655,31.318,252.2362
2023-11-14 04:00:00+00:00,7.0542793,-17.141525,-3.7762003,0,0,37136.094,27715.426,0.031496063,0.0,0.24803151,5.0,5.8547893,19.6856,264.22577
2023-11-15 04:00:00+00:00,6.890688,-16.052738,-4.17874,0,0,37037.84,33771.258,0.0,0.0,0.0,0.0,5.07163,15.2116,242.48445
2023-11-16 04:00:00+00:00,13.008198,-12.981102,0.0075771012,0,0,36940.754,33498.234,0.0,0.0,0.0,0.0,5.0617533,14.3168,216.58052
2023-11-17 04:00:00+00:00,14.329618,-13.578098,0.7892421,0,0,36844.945,33117.992,0.0,0.0,0.0,0.0,5.2223296,15.4353,221.43529
2023-11-18 04:00:00+00:00,14.941799,-6.027439,3.0237477,0,0,36750.54,32902.656,0.0,0.0,0.0,0.0,4.906124,17.0012,193.47948
2023-11-19 04:00:00+00:00,15.13545,-8.994915,2.0574427,0,0,36657.645,33187.633,0.0,0.0,0.0,0.0,6.4563713,27.291399,236.9597
2023-11-20 04:00:00+00:00,11.241825,-9.881123,-0.31974983,0,0,36566.39,32904.758,0.0,0.0,0.0,0.0,5.2414584,15.2116,250.23273
2023-11-21 04:00:00+00:00,11.032818,-10.910938,-1.6596799,0,0,36476.902,33023.7,0.0,0.0,0.0,0.0,5.2223296,14.093101,200.64366
2023-11-22 04:00:00+00:00,11.217312,-9.356735,-0.36520705,0,0,36389.297,32893.18,0.0,0.0,0.0,0.0,4.6548953,15.8827,180.75134
2023-11-23 04:00:00+00:00,15.211998,-11.568901,2.1335719,0,0,36303.71,32732.885,0.0,0.0,0.0,0.0,6.5219193,29.7521,226.1135
2023-11-24 04:00:00+00:00,7.754612,-13.155933,-3.6519854,0,0,36220.266,32696.498,0.0,0.0,0.0,0.0,5.538552,17.896,244.66151
2023-11-25 04:00:00+00:00,9.887106,-9.86483,-1.4505559,0,0,36139.094,32502.111,0.0,0.0,0.0,0.0,5.2223296,15.659,207.8475
2023-11-26 04:00:00+00:00,13.123638,-5.67997,2.0891886,0,0,36060.32,32400.0,0.0,0.0,0.0,0.0,4.787389,16.330101,217.61101
2023-11-27 04:00:00+00:00,14.6535225,-3.830124,4.405601,0,0,35984.086,31663.562,0.027559055,0.0,0.22047244,6.0,4.474,15.4353,203.98495
2023-11-28 04:00:00+00:00,10.853138,-6.1489525,1.6045576,0,0,35910.527,32302.246,0.0,0.0,0.0,0.0,4.124824,14.5405,255.2088
2023-11-29 04:00:00+00:00,9.338024,-9.400543,-1.5213732,0,0,35839.77,32250.65,0.031496063,0.0,0.22047246,6.0,4.7189565,14.9879,188.16835
2023-11-30 04:00:00+00:00,6.85371,-9.277664,-2.247093,0,0,35771.953,32185.85,0.031496063,0.0,0.2480315,7.0,3.8486803,12.079801,190.79648
2023-12-01 04:00:00+00:00,5.62854,-12.986546,-4.273823,0,0,35707.215,29033.906,0.03543307,0.0,0.2480315,7.0,4.297137,12.750899,234.29317
2023-12-02 04:00:00+00:00,3.409214,-19.2305,-6.935972,0,0,35645.69,28642.025,0.011811024,0.0,0.08267716,3.0,4.9416943,18.3434,236.19936
2023-12-03 04:00:00+00:00,1.9441471,-13.034035,-6.8792624,0,0,35587.516,32028.096,0.0,0.0,0.0,0.0,3.9576569,12.750899,195.7977
2023-12-04 04:00:00+00:00,1.7127991,-10.556183,-5.6228414,0,0,35532.6,32058.064,0.0,0.0,0.0,0.0,4.051379,12.079801,260.84982
2023-12-05 04:00:00+00:00,2.089899,-13.873116,-7.558838,0,0,35480.285,32002.703,0.0,0.0,0.0,0.0,4.3434687,13.422,195.9778
2023-12-06 04:00:00+00:00,2.5818214,-11.091949,-6.030132,0,0,35430.582,31949.113,0.0,0.0,0.0,0.0,3.9576569,11.8561,207.3155
2023-12-07 04:00:00+00:00,6.645899,-7.2374077,-2.5386648,0,0,35383.54,31881.887,0.0,0.0,0.0,0.0,4.124824,17.2249,211.48149
2023-12-08 04:00:00+00:00,9.3056965,-13.633137,-1.8804268,0,0,35339.227,31816.334,0.0,0.0,0.0,0.0,3.8486803,23.9359,233.78366
2023-12-09 04:00:00+00:00,-0.3051529,-21.964886,-11.494594,0,0,35297.695,31751.852,0.0,0.0,0.0,0.0,6.6246934,26.620298,247.47942
2023-12-10 04:00:00+00:00,-4.350891,-20.16853,-11.144932,0,0,35259.004,31754.55,0.0,0.0,0.0,0.0,7.6451745,31.0943,246.50137
2023-12-11 04:00:00+00:00,3.9067268,-10.719444,-5.3070874,0,0,35223.207,31616.67,0.0,0.0,0.0,0.0,6.154799,29.9758,241.58998
2023-12-12 04:00:00+00:00,-3.6969376,-22.631538,-12.637195,0,0,35190.37,31577.436,0.0,0.0,0.0,0.0,7.546353,29.9758,248.83133
2023-12-13 04:00:00+00:00,-3.0988579,-15.738716,-9.160117,0,0,35160.547,31525.22,0.0,0.0,0.0,0.0,10.573226,48.319202,266.358
2023-12-14 04:00:00+00:00,8.930634,-14.912136,-5.0832214,0,0,35133.78,31531.514,0.0,0.0,0.0,0.0,6.905775,35.1209,253.00606
2023-12-15 04:00:00+00:00,12.013628,-16.601997,-1.9196587,0,0,35110.137,31561.402,0.0,0.0,0.0,0.0,8.01895,34.2261,233.78107
2023-12-16 04:00:00+00:00,5.452017,-17.869755,-5.631434,0,0,35089.664,31406.564,0.0,0.0,0.0,0.0,8.204028,34.4498,239.87572
2023-12-17 04:00:00+00:00,-2.9752922,-22.850872,-11.726716,0,0,35072.414,31360.715,0.01968504,0.0,0.16535433,4.0,4.9264812,17.2249,263.30078
2023-12-18 04:00:00+00:00,-3.2676086,-23.916035,-12.253718,0,0,35058.44,31531.99,0.0,0.0,0.0,0.0,6.2154794,24.8307,239.18431
2023-12-19 04:00:00+00:00,6.15658,-8.045387,-1.9371868,0,0,35047.785,31512.527,0.0,0.0,0.0,0.0,4.6548953,25.278101,216.48425
2023-12-20 04:00:00+00:00,9.547892,-10.623955,-2.169694,0,0,35040.504,31462.545,0.0,0.0,0.0,0.0,7.227968,34.2261,237.45631
2023-12-21 04:00:00+00:00,10.321598,-11.456165,-2.3032475,0,0,35036.637,31481.977,0.0,0.0,0.0,0.0,6.279558,26.844,244.66841
2023-12-22 04:00:00+00:00,11.166489,-5.2048073,0.6628334,0,0,35036.234,31355.857,0.0,0.0,0.0,0.0,4.112674,15.8827,188.32555
2023-12-23 04:00:00+00:00,11.421673,-15.8256035,-4.2440944,0,0,35039.332,31174.0,0.003937008,0.0,0.027559055,1.0,5.3874097,18.119701,222.53413
2023-12-24 04:00:00+00:00,11.965113,-13.146076,-0.48776165,0,0,35045.992,31150.652,0.0,0.0,0.0,0.0,4.4290338,20.8041,212.05005
2023-12-25 04:00:00+00:00,12.910488,-7.8087845,-0.16119623,0,0,35056.23,31545.846,0.0,0.0,0.0,0.0,4.6116934,16.7775,224.45439
2023-12-26 04:00:00+00:00,12.306122,-10.635139,1.9136008,0,0,35070.01,31599.744,0.0,0.0,0.0,0.0,4.1610603,26.620298,227.238
2023-12-27 04:00:00+00:00,5.653406,-17.488499,-7.34139,0,0,35087.258,31503.758,0.0,0.0,0.0,0.0,8.352132,36.9105,243.63377
2023-12-28 04:00:00+00:00,7.885624,-12.103428,-4.402231,0,0,35107.914,31658.697,0.0,0.0,0.0,0.0,4.2737823,13.869399,224.66295
2023-12-29 04:00:00+00:00,9.3939705,-8.938934,-0.36236492,0,0,35131.918,31685.828,0.0,0.0,0.0,0.0,3.8486803,21.6989,228.1976
2023-12-30 04:00:00+00:00,7.0975094,-14.173672,-5.171927,0,0,35159.21,31716.629,0.0,0.0,0.0,0.0,6.7296157,27.291399,239.18433
2023-12-31 04:00:00+00:00,1.003231,-18.90147,-10.162914,0,0,35189.727,31336.387,0.0,0.0,0.0,0.0,5.07163,18.119701,249.54752
2024-01-01 04:00:00+00:00,0.398983,-20.112923,-11.178494,0,0,35223.395,31477.078,0.0,0.0,0.0,0.0,4.7453933,15.659,248.79065
2024-01-02 04:00:00+00:00,1.743927,-19.429657,-9.987214,0,0,35260.145,31830.332,0.0,0.0,0.0,0.0,4.124824,12.750899,207.07764
2024-01-03 04:00:00+00:00,1.8285828,-19.733479,-10.249348,0,0,35299.92,31574.256,0.0,0.0,0.0,0.0,5.8205,25.7255,244.73384
2024-01-04 04:00:00+00:00,-0.64899826,-19.494385,-10.869952,0,0,35342.64,31830.33,0.0,0.0,0.0,0.0,6.0440416,23.0411,239.80846
2024-01-05 04:00:00+00:00,2.0000763,-19.88678,-9.15837,0,0,35388.246,31188.525,0.0,0.0,0.0,0.0,6.843904,26.620298,241.64728
2024-01-06 04:00:00+00:00,0.30762863,-18.338509,-10.080424,0,0,35436.664,32028.668,0.0,0.0,0.0,0.0,5.7032533,22.369999,242.39697
2024-01-07 04:00:00+00:00,4.9438114,-14.422943,-6.1512337,0,0,35487.82,32086.053,0.0,0.0,0.0,0.0,6.5219193,28.6336,234.40913
2024-01-08 04:00:00+00:00,3.623022,-14.693169,-7.410024,0,0,35541.652,32146.39,0.003937008,0.0,0.027559055,1.0,8.385021,32.660202,234.42332
2024-01-09 04:00:00+00:00,0.051296234,-20.235584,-10.887864,0,0,35598.082,32209.602,0.0,0.0,0.0,0.0,5.442856,21.2515,244.90202
2024-01-10 04:00:00+00:00,4.358368,-16.963814,-7.5067196,0,0,35657.043,32275.602,0.0,0.0,0.0,0.0,6.1872363,23.0411,243.9814
2024-01-11 04:00:00+00:00,7.6627445,-8.630272,-1.2352775,0,0,35718.47,32344.3,0.0,0.0,0.0,0.0,5.956472,31.0943,236.13454
2024-01-12 04:00:00+00:00,7.5659065,-11.578861,-3.1858323,0,0,35782.285,32415.63,0.0,0.0,0.0,0.0,7.3037286,32.2128,232.8776
2024-01-13 04:00:00+00:00,7.6452637,-14.288834,-3.4075851,0,0,35848.664,32489.547,0.0,0.0,0.0,0.0,7.9657307,39.3712,226.5437
2024-01-14 04:00:00+00:00,3.8208523,-14.948383,-6.4075546,0,0,35918.31,32566.898,0.0,0.0,0.0,0.0,7.1618943,29.3047,241.58014
2024-01-15 04:00:00+00:00,4.452389,-16.806698,-7.8931518,0,0,35991.133,31346.73,0.015748031,0.0,0.11023622,4.0,7.395645,28.409899,239.57042
2024-01-16 04:00:00+00:00,0.31372452,-22.27893,-10.946927,0,0,36066.992,27530.059,0.011811024,0.0,0.08267716,3.0,4.906124,18.3434,248.44664
2024-01-17 04:00:00+00:00,-1.4301071,-24.071175,-13.308136,0,0,36145.742,32818.797,0.0,0.0,0.0,0.0,5.6944723,16.5538,238.12355
2024-01-18 04:00:00+00:00,0.12977219,-21.411247,-11.679017,0,0,36227.25,32908.84,0.0,0.0,0.0,0.0,5.217536,17.2249,252.18768
2024-01-19 04:00:00+00:00,-0.47629166,-18.26204,-10.711819,0,0,36311.36,33001.637,0.0,0.0,0.0,0.0,5.3688,20.3567,241.96129
2024-01-20 04:00:00+00:00,-1.8286552,-24.04367,-11.930974,0,0,36397.95,31344.504,0.011811024,0.0,0.08267716,3.0,5.9058495,20.3567,262.7685
2024-01-21 04:00:00+00:00,1.329731,-21.08009,-11.349311,0,0,36486.867,33194.88,0.0,0.0,0.0,0.0,5.538552,19.9093,230.52113
2024-01-22 04:00:00+00:00,4.857044,-16.09211,-7.6868343,0,0,36577.973,33295.016,0.0,0.0,0.0,0.0,5.442856,22.8174,243.56693
2024-01-23 04:00:00+00:00,1.3760929,-22.863659,-10.610469,0,0,36671.145,33397.273,0.0,0.0,0.0,0.0,4.2737823,14.764199,264.3406
2024-01-24 04:00:00+00:00,-2.7110367,-21.093544,-12.826749,0,0,36766.246,33501.52,0.0,0.0,0.0,0.0,5.2223296,18.5671,252.82399
2024-01-25 04:00:00+00:00,0.5423527,-21.145233,-10.846168,0,0,36863.14,33579.824,0.0,0.0,0.0,0.0,5.645932,26.1729,239.94923
2024-01-26 04:00:00+00:00,-0.5878296,-23.090527,-10.943873,0,0,36961.703,32774.86,0.007874016,0.0,0.05511811,2.0,6.5830164,27.5151,239.79326
2024-01-27 04:00:00+00:00,-1.2784424,-16.029259,-10.186635,0,0,37061.805,33824.656,0.0,0.0,0.0,0.0,8.325127,33.555,252.70984
2024-01-28 04:00:00+00:00,4.5119133,-9.946178,-3.7498493,0,0,37163.32,33935.36,0.0,0.0,0.0,0.0,7.0064893,30.6469,240.61244
2024-01-29 04:00:00+00:00,3.6334496,-20.88749,-9.031124,0,0,37266.13,31900.346,0.003937008,0.0,0.027559055,1.0,7.499791,30.8706,245.32927
2024-01-30 04:00:00+00:00,-1.3644142,-18.07917,-9.36224,0,0,37370.11,34160.418,0.0,0.0,0.0,0.0,8.790015,39.3712,238.84567
2024-01-31 04:00:00+00:00,-2.0746117,-16.83258,-9.213653,0,0,37475.14,29602.818,0.031496063,0.0,0.22047244,7.0,9.606085,45.4111,230.15666
2024-02-01 04:00:00+00:00,-2.8438797,-26.974953,-13.0490675,0,0,37581.105,31961.092,0.01968504,0.0,0.13779527,5.0,6.579214,37.1342,241.44868
2024-02-02 04:00:00+00:00,-11.747505,-35.61087,-23.822462,0,0,37688.242,33573.23,0.007874016,0.0,0.05511811,2.0,7.2831445,29.528399,244.98947
2024-02-03 04:00:00+00:00,-0.0099983215,-18.823433,-10.532413,0,0,37797.57,31590.76,0.011811024,0.0,0.08267716,3.0,7.436133,40.042297,226.83278
2024-02-04 04:00:00+00:00,-0.4977455,-21.929981,-8.469651,0,0,37909.027,34630.812,0.011811024,0.0,0.08267716,3.0,8.376063,46.0822,241.96474
2024-02-05 04:00:00+00:00,-5.833061,-28.578072,-17.398779,0,0,38022.477,34867.28,0.0,0.0,0.0,0.0,6.5830164,27.291399,246.01208
2024-02-06 04:00:00+00:00,-8.419167,-29.728615,-19.395557,0,0,38137.76,34991.543,0.0,0.0,0.0,0.0,7.063396,29.528399,247.21523
2024-02-07 04:00:00+00:00,-6.0076675,-29.212646,-17.416555,0,0,38254.75,35117.406,0.0,0.0,0.0,0.0,7.1723676,30.1995,252.38176
2024-02-08 04:00:00+00:00,-2.492443,-20.953651,-12.013069,0,0,38373.293,35248.22,0.0,0.0,0.0,0.0,5.3874097,17.896,232.25792
2024-02-09 04:00:00+00:00,1.6022644,-19.555481,-10.39088,0,0,38493.266,35373.38,0.0,0.0,0.0,0.0,4.4290338,19.9093,204.09688
2024-02-10 04:00:00+00:00,2.02326,-19.46286,-9.665519,0,0,38614.527,35519.543,0.0,0.0,0.0,0.0,5.538552,17.2249,237.29526
2024-02-11 04:00:00+00:00,7.91621,-18.515965,-7.747774,0,0,38736.945,35641.953,0.0,0.0,0.0,0.0,5.596972,21.0278,241.4325
2024-02-12 04:00:00+00:00,6.6605186,-15.065208,-5.2728257,0,0,38860.395,35769.42,0.0,0.0,0.0,0.0,6.2994494,26.844,250.20099
2024-02-13 04:00:00+00:00,3.0907936,-19.556244,-9.649905,0,0,38984.746,35877.32,0.0,0.0,0.0,0.0,6.949117,26.1729,249.23972
2024-02-14 04:00:00+00:00,5.3342934,-15.800835,-6.6805015,0,0,39109.87,35963.797,0.0,0.0,0.0,0.0,5.3874097,15.2116,237.54185
2024-02-15 04:00:00+00:00,15.234486,-5.8401604,2.4234998,0,0,39235.652,35986.68,0.0,0.0,0.0,0.0,4.474,22.5937,241.06877
2024-02-16 04:00:00+00:00,12.064892,-13.953682,-2.0923522,0,0,39361.973,36098.07,0.0,0.0,0.0,0.0,8.142803,37.1342,236.8605
2024-02-17 04:00:00+00:00,12.77434,-8.976982,0.0994676,0,0,39488.703,36028.684,0.0,0.0,0.0,0.0,10.5424185,49.214,234.08484
2024-02-18 04:00:00+00:00,12.0200615,-5.892418,2.8818169,0,0,39615.74,35439.66,0.07874015,0.0,0.551181,15.0,10.51628,47.8718,221.40388
2024-02-19 04:00:00+00:00,5.1815796,-14.878578,-2.5025437,0,0,39742.953,20079.158,0.16929133,0.0,1.1850393,15.0,7.63535,45.1874,223.58127
2024-02-20 04:00:00+00:00,-4.103405,-22.971825,-11.47747,0,0,39870.246,36499.504,0.031496063,0.0,0.22047244,6.0,8.518242,37.805298,238.04471
2024-02-21 04:00:00+00:00,-7.485798,-28.980835,-19.116606,0,0,39997.492,36469.664,0.0,0.0,0.0,0.0,7.519781,32.4365,233.38228
2024-02-22 04:00:00+00:00,-10.730843,-30.754871,-21.082018,0,0,40124.945,36726.266,0.0,0.0,0.0,0.0,7.147907,29.528399,238.32895
2024-02-23 04:00:00+00:00,-5.1894913,-28.718151,-17.888296,0,0,40253.637,36801.3,0.0,0.0,0.0,0.0,4.58994,15.8827,219.83145
2024-02-24 04:00:00+00:00,-8.118904,-27.19143,-18.635372,0,0,40383.54,36977.848,0.0,0.0,0.0,0.0,6.366614,26.3966,239.86252
2024-02-25 04:00:00+00:00,-10.869247,-28.984173,-18.326536,0,0,40514.543,37393.586,0.0,0.0,0.0,0.0,7.609089,32.2128,239.77632
2024-02-26 04:00:00+00:00,3.6811485,-21.537941,-10.121551,0,0,40646.535,37265.695,0.0,0.0,0.0,0.0,6.714727,33.7787,228.76865
2024-02-27 04:00:00+00:00,4.7955837,-21.217518,-8.083892,0,0,40779.41,37786.465,0.0,0.0,0.0,0.0,8.488818,38.476402,243.24509
2024-02-28 04:00:00+00:00,3.963192,-20.24514,-7.8985124,0,0,40913.06,37156.81,0.0,0.0,0.0,0.0,6.2395864,25.7255,244.99039
2024-02-29 04:00:00+00:00,7.402605,-10.897522,-3.0055878,0,0,41047.37,37754.96,0.0,0.0,0.0,0.0,6.002501,27.738798,236.55807
2024-03-01 04:00:00+00:00,12.45723,-3.5624428,3.039819,0,0,41182.25,32400.0,0.055118106,0.0,0.38582674,9.0,9.406046,38.476402,191.46019
2024-03-02 04:00:00+00:00,10.890255,-7.3015976,1.1537918,0,0,41317.59,28174.977,0.18110234,0.0,1.2677165,18.0,8.2799225,41.6082,190.05676
2024-03-03 04:00:00+00:00,2.7537231,-18.119713,-8.768722,0,0,41453.285,31831.959,0.10629919,0.0,0.7716534,13.0,7.2831445,42.2793,214.68764
2024-03-04 04:00:00+00:00,-7.291279,-31.06083,-18.208605,0,0,41589.24,37350.207,0.007874016,0.0,0.05511811,2.0,7.5197816,34.8972,234.2212
2024-03-05 04:00:00+00:00,-1.9116898,-22.272827,-14.332797,0,0,41725.35,38765.125,0.0,0.0,0.0,0.0,4.9264812,22.5937,238.31038
2024-03-06 04:00:00+00:00,0.2894802,-17.280418,-10.954384,0,0,41861.527,38709.94,0.0,0.0,0.0,0.0,4.4290338,18.5671,211.4473
2024-03-07 04:00:00+00:00,0.8916836,-17.706627,-8.73874,0,0,41997.66,39044.477,0.015748031,0.0,0.11023622,3.0,4.787389,22.1463,220.8269
2024-03-08 04:00:00+00:00,2.489645,-21.146294,-10.476807,0,0,42133.66,39183.605,0.011811024,0.0,0.08267716,3.0,6.0191517,31.5417,236.04773
2024-03-09 04:00:00+00:00,1.2247467,-23.916279,-10.675906,0,0,42269.42,39322.234,0.0,0.0,0.0,0.0,5.8547893,19.461899,227.76389
2024-03-10 04:00:00+00:00,11.1031685,-10.241146,-0.850873,0,0,42404.86,38713.668,0.007874016,0.0,0.05511811,2.0,4.440318,18.5671,224.20065
2024-03-11 04:00:00+00:00,11.234056,-16.3321,-2.1597211,0,0,42539.87,39597.617,0.015748031,0.0,0.11023622,4.0,5.538552,21.2515,232.55188
2024-03-12 04:00:00+00:00,9.497671,-18.830574,-4.800777,0,0,42674.367,39734.18,0.015748031,0.003937008,0.08267716,4.0,5.2223296,20.3567,232.368
2024-03-13 04:00:00+00:00,9.412991,-10.184471,-2.2112205,0,0,42808.56,38589.082,0.01968504,0.0,0.13779528,3.0,5.7032533,31.9891,199.70201
2024-03-14 04:00:00+00:00,3.9712582,-17.210403,-6.631863,0,0,42943.402,40007.74,0.0,0.0,0.0,0.0,7.9939504,38.2527,237.83176
2024-03-15 04:00:00+00:00,4.475094,-16.24812,-6.6568356,0,0,43078.89,40145.156,0.0,0.0,0.0,0.0,6.9093976,36.463097,238.18944
2024-03-16 04:00:00+00:00,1.244791,-18.579327,-9.145859,0,0,43214.938,39123.3,0.015748031,0.0,0.11023622,2.0,7.8295,34.4498,247.1942
2024-03-17 04:00:00+00:00,5.163498,-21.485847,-8.257286,0,0,43351.45,40420.812,0.003937008,0.0,0.027559055,1.0,5.2223296,18.119701,238.17255
2024-03-18 04:00:00+00:00,10.01314,-11.009205,-1.6642,0,0,43488.35,38755.62,0.023622047,0.0,0.16535433,6.0,3.6689527,10.5139,224.9999
2024-03-19 04:00:00+00:00,8.013107,-18.118217,-4.2304826,0,0,43625.54,40696.97,0.015748031,0.0,0.11023622,4.0,6.711,17.2249,246.09236
2024-03-20 04:00:00+00:00,18.356663,-4.768791,7.2320137,0,0,43762.938,40835.01,0.0,0.0,0.0,0.0,4.906124,19.0145,206.56496
2024-03-21 04:00:00+00:00,23.178768,-2.2676888,10.2598715,0,0,43900.457,40972.918,0.0,0.0,0.0,0.0,4.966946,28.186201,233.99805
2024-03-22 04:00:00+00:00,14.62166,-12.562927,1.2252731,0,0,44038.008,41110.582,0.0,0.0,0.027559055,0.0,7.9437127,41.3845,237.60208
2024-03-23 04:00:00+00:00,11.582676,-9.888695,0.9815925,0,0,44175.516,39192.24,0.0,0.0,0.0,0.0,6.0770693,26.1729,241.47137
2024-03-24 04:00:00+00:00,15.143839,-12.153946,1.0831951,0,0,44312.88,41384.9,0.011811024,0.0,0.08267716,3.0,6.8035703,27.738798,239.25467
2024-03-25 04:00:00+00:00,13.34461,-14.92709,-0.40863052,0,0,44450.008,41334.043,0.0,0.0,0.0,0.0,8.105845,30.1995,257.8647
2024-03-26 04:00:00+00:00,21.311647,-6.923382,5.8092823,0,0,44586.83,41657.28,0.0,0.0,0.0,0.0,4.7559276,16.330101,238.97417
2024-03-27 04:00:00+00:00,22.670273,-3.2592392,9.5386095,0,0,44723.242,39671.938,0.023622047,0.0,0.16535433,4.0,5.6326222,22.369999,238.54167
2024-03-28 04:00:00+00:00,23.623299,0.8622799,11.974673,0,0,44859.168,40092.453,0.055118106,0.0,0.38582674,8.0,6.8035703,29.3047,238.47197
2024-03-29 04:00:00+00:00,21.895523,1.2168846,10.910407,0,0,44994.508,41957.18,0.007874016,0.0,0.05511811,1.0,8.605911,39.1475,227.44868
2024-03-30 04:00:00+00:00,20.229553,-1.9588432,7.0737004,0,0,45129.168,42000.8,0.015748031,0.0,0.11023622,3.0,8.376063,36.6868,203.40636
2024-03-31 04:00:00+00:00,11.558041,-9.742424,-0.40497932,0,0,45263.062,42138.457,0.055118106,0.0,0.38582677,5.0,9.658037,42.503,242.23062
2024-04-01 04:00:00+00:00,12.537045,-14.640141,-0.38631415,0,0,45396.098,42240.996,0.0,0.0,0.0,0.0,8.358121,35.5683,245.74017
2024-04-02 04:00:00+00:00,12.773838,-11.94202,1.0037303,0,0,45528.48,42353.996,0.0,0.0,0.0,0.0,7.3583355,32.8839,239.34126
2024-04-03 04:00:00+00:00,15.210596,-6.8595505,3.4048417,0,0,45661.1,42476.77,0.0,0.0,0.0,0.0,7.9657307,34.4498,223.42828
2024-04-04 04:00:00+00:00,13.52157,-9.758747,2.0861807,0,0,45793.957,42608.5,0.0,0.0,0.0,0.0,7.569527,33.555,243.87106
2024-04-05 04:00:00+00:00,12.591648,-15.29446,-0.5401396,0,0,45926.957,42181.605,0.015748031,0.0,0.11023622,2.0,7.8582087,30.8706,249.03644
2024-04-06 04:00:00+00:00,13.154617,-14.763741,-0.166063,0,0,46060.027,42896.15,0.0,0.0,0.0,0.0,7.8582087,31.318,252.8398
2024-04-07 04:00:00+00:00,10.266306,-15.6690445,0.5402296,0,0,46193.066,42978.547,0.015748031,0.0,0.13779527,3.0,5.8162003,23.4885,270.8255
2024-04-08 04:00:00+00:00,11.992725,-8.199276,1.356685,0,0,46326.0,43362.992,0.0,0.0,0.0,0.0,5.447451,17.4486,278.6954
2024-04-09 04:00:00+00:00,18.800226,-7.878731,5.150334,0,0,46458.727,43492.06,0.0,0.0,0.0,0.0,5.2414584,17.2249,241.54529
2024-04-10 04:00:00+00:00,19.32515,-6.366207,5.806194,0,0,46591.17,41452.934,0.015748031,0.0,0.13779527,4.0,5.3172884,22.1463,256.0475
2024-04-11 04:00:00+00:00,17.7742,-6.586609,5.253155,0,0,46723.24,43748.582,0.003937008,0.0,0.027559055,1.0,8.081114,37.1342,251.3543
2024-04-12 04:00:00+00:00,23.438293,-1.7001343,10.5396385,0,0,46854.83,43875.867,0.003937008,0.0,0.027559055,1.0,5.1499605,22.369999,240.171
2024-04-13 04:00:00+00:00,27.262909,3.6776218,14.136125,0,0,46985.855,44002.383,0.003937008,0.0,0.027559055,1.0,5.8718586,24.607,214.61827
2024-04-14 04:00:00+00:00,27.162111,3.3320045,15.370651,0,0,47116.223,44128.035,0.0,0.0,0.0,0.0,7.02076,29.528399,230.09398
2024-04-15 04:00:00+00:00,30.207762,6.244095,17.372494,0,0,47245.836,43739.24,0.07086614,0.003937008,0.46850392,4.0,4.718956,22.8174,212.48508
2024-04-16 04:00:00+00:00,22.731676,-6.461647,9.028224,0,0,47374.594,44376.406,0.0,0.0,0.0,0.0,7.832695,30.8706,250.04478
2024-04-17 04:00:00+00:00,25.063501,3.5629025,14.85584,0,0,47502.4,44092.934,0.0,0.0,0.0,0.0,6.651079,27.067701,248.19853
2024-04-18 04:00:00+00:00,25.019423,5.702585,15.800252,0,0,47629.145,44159.645,0.047244087,0.0,0.33070862,6.0,7.6876025,31.7654,275.28995
2024-04-19 04:00:00+00:00,27.469473,-0.026290894,14.972638,0,0,47754.73,39600.0,0.11811024,0.0,0.8267716,11.0,3.9067528,16.5538,254.38054
2024-04-20 04:00:00+00:00,19.998234,-3.67107,9.075616,0,0,47879.047,32282.111,0.16141732,0.0,1.1299213,10.0,5.4152036,19.9093,271.33838
2024-04-21 04:00:00+00:00,22.175465,-2.6916466,10.277387,0,0,48001.992,32293.12,0.027559055,0.0,0.19291338,6.0,5.0617533,13.6456995,264.72137
2024-04-22 04:00:00+00:00,21.13327,0.7122841,10.933295,0,0,48123.746,36798.586,0.082677156,0.0,0.57874006,11.0,4.6116934,11.4087,327.30798
2024-04-23 04:00:00+00:00,22.227825,-2.4087296,10.17949,0,0,48245.176,42399.344,0.14566928,0.0,1.019685,13.0,4.58994,13.422,192.31938
2024-04-24 04:00:00+00:00,21.759842,-5.0734634,9.774842,0,0,48366.266,45322.184,0.03937008,0.0,0.27559054,7.0,4.9264812,18.119701,264.9412
2024-04-25 04:00:00+00:00,23.186867,-6.2931747,9.313008,0,0,48486.918,45388.99,0.0,0.0,0.0,0.0,5.101145,17.4486,239.34305
2024-04-26 04:00:00+00:00,24.775457,0.5584965,11.796977,0,0,48607.043,45455.05,0.0,0.0,0.0,0.0,6.2395864,27.5151,232.41231
2024-04-27 04:00:00+00:00,26.126427,0.09590149,13.220837,0,0,48726.547,45520.32,0.023622047,0.0,0.16535433,3.0,7.436133,35.5683,228.16817
2024-04-28 04:00:00+00:00,24.572014,-0.9771347,11.677726,0,0,48845.332,43420.344,0.015748031,0.0,0.11023623,2.0,9.304415,36.463097,212.8208
2024-04-29 04:00:00+00:00,24.841902,0.24167442,13.812061,0,0,48963.297,37572.15,0.06692913,0.0,0.4685039,11.0,6.219504,30.6469,203.61858
2024-04-30 04:00:00+00:00,20.650558,-6.0973663,9.016639,0,0,49080.34,45430.76,0.074803144,0.0,0.52362204,11.0,6.4524946,27.738798,232.76505
2024-05-01 04:00:00+00:00,14.609333,-6.5550957,4.1598063,0,0,49196.363,45772.19,0.062992126,0.0,0.46850395,8.0,6.7035394,23.4885,324.98486
2024-05-02 04:00:00+00:00,20.118122,-9.666851,6.4555035,0,0,49311.254,45832.54,0.0,0.0,0.0,0.0,5.538552,18.790798,246.11548
2024-05-03 04:00:00+00:00,30.756268,0.8197365,17.214067,0,0,49424.914,38697.742,0.0,0.0,0.0,0.0,4.474,23.7122,229.76369
2024-05-04 04:00:00+00:00,27.945312,-2.841896,14.064201,0,0,49537.23,45988.137,0.0511811,0.0,0.35826766,7.0,7.8804655,34.0024,257.57153
2024-05-05 04:00:00+00:00,30.649841,6.748932,18.528097,0,0,49648.094,46006.29,0.027559055,0.0,0.1929134,4.0,3.9828653,14.093101,230.44987
2024-05-06 04:00:00+00:00,30.480423,7.426796,18.335537,0,0,49757.383,46151.64,0.007874016,0.0,0.05511811,2.0,5.6103673,23.2648,256.409
2024-05-07 04:00:00+00:00,25.403524,2.5811424,14.469722,0,0,49864.996,46264.324,0.0511811,0.0,0.3582677,7.0,6.945516,22.369999,294.44394
2024-05-08 04:00:00+00:00,30.731928,9.422972,19.148787,0,0,49970.805,46381.65,0.0,0.0,0.0,0.0,4.474,14.5405,302.32608
2024-05-09 04:00:00+00:00,32.944717,8.396313,20.911222,0,0,50074.695,45317.145,0.0,0.0,0.0,0.0,5.0020843,15.659,310.94055
2024-05-10 04:00:00+00:00,32.306988,5.8482094,20.310339,0,0,50176.547,40503.918,0.04330709,0.0,0.3031496,6.0,4.7559276,14.9879,214.26105
2024-05-11 04:00:00+00:00,34.761345,5.398773,22.375364,0,0,50276.23,43391.71,0.031496063,0.0,0.22047246,6.0,4.9264812,16.330101,223.49258
2024-05-12 04:00:00+00:00,35.78345,12.102716,22.89224,0,0,50373.89,46744.02,0.047244094,0.0,0.33070865,10.0,5.3031526,22.1463,243.6802
2024-05-13 04:00:00+00:00,22.382526,0.7159672,13.806953,0,0,50470.29,39621.867,0.11417323,0.0,0.79921263,10.0,6.7444715,26.3966,275.7234
2024-05-14 04:00:00+00:00,25.271732,6.164974,16.038807,0,0,50565.395,46850.566,0.01968504,0.0,0.13779528,3.0,6.109918,22.5937,288.70526
2024-05-15 04:00:00+00:00,27.699116,5.5256653,16.573353,0,0,50659.133,46982.63,0.01968504,0.0,0.13779527,5.0,6.2675934,19.461899,292.18405
2024-05-16 04:00:00+00:00,32.133175,7.4071465,20.363401,0,0,50751.4,47033.47,0.007874016,0.0,0.05511811,2.0,5.956472,20.580399,272.57068
2024-05-17 04:00:00+00:00,37.441463,8.786625,23.018059,0,0,50842.105,46733.293,0.011811024,0.0,0.08267716,3.0,5.0617533,17.4486,244.12167
2024-05-18 04:00:00+00:00,39.758095,12.945566,26.339304,0,0,50931.156,47039.016,0.0,0.0,0.0,0.0,4.6116934,16.330101,240.94547
2024-05-19 04:00:00+00:00,40.11679,13.967459,26.728476,0,0,51018.453,44934.47,0.098425195,0.0,0.68897635,7.0,4.5626025,18.5671,235.84027
2024-05-20 04:00:00+00:00,38.862644,12.516792,25.457193,0,0,51103.91,47310.5,0.05905512,0.0,0.44094485,5.0,6.8035703,26.1729,266.39154
2024-05-21 04:00:00+00:00,38.148773,12.127171,25.068525,0,0,51187.42,44299.0,0.015748031,0.0,0.11023622,3.0,5.605906,18.5671,309.14395
2024-05-22 04:00:00+00:00,36.43391,16.144081,26.228989,0,0,51268.887,47393.71,0.015748031,0.0,0.11023622,2.0,6.725897,21.0278,318.77826
2024-05-23 04:00:00+00:00,41.684143,12.606085,26.758623,0,0,51348.21,48041.76,0.015748031,0.0,0.11023622,3.0,7.4125414,27.738798,257.11893
2024-05-24 04:00:00+00:00,39.44382,14.2644615,27.38828,0,0,51425.29,48086.62,0.0,0.0,0.0,0.0,6.52192,25.949202,257.76147
2024-05-25 04:00:00+00:00,42.42608,12.788086,27.357658,0,0,51500.02,48209.98,0.0,0.0,0.0,0.0,6.7444715,28.6336,256.4487
2024-05-26 04:00:00+00:00,39.38654,13.132797,25.808294,0,0,51572.3,48249.82,0.0,0.0,0.0,0.0,7.4361324,30.1995,263.04068
2024-05-27 04:00:00+00:00,39.52465,12.678219,25.254364,0,0,51642.027,42614.887,0.0,0.0,0.0,0.0,7.1723676,32.8839,271.18994
2024-05-28 04:00:00+00:00,29.208187,13.797882,19.951918,0,0,51709.098,37863.305,0.13779527,0.0,0.96456695,15.0,6.6246934,20.133,329.2373
2024-05-29 04:00:00+00:00,32.52417,13.983555,22.569746,0,0,51773.406,46924.656,0.05905512,0.0,0.4133858,4.0,7.9437127,33.3313,266.20538
2024-05-30 04:00:00+00:00,31.668753,9.056276,20.25585,0,0,51834.84,48170.33,0.023622047,0.0,0.19291338,3.0,7.8422723,32.660202,264.43774
2024-05-31 04:00:00+00:00,30.561363,11.440567,20.282297,0,0,51893.3,46784.07,0.015748031,0.0,0.11023622,3.0,7.927948,31.318,271.78366
2024-06-01 04:00:00+00:00,31.25177,7.0800877,17.977968,0,0,51948.85,48210.773,0.114173226,0.0,0.7992126,12.0,7.7814164,29.528399,300.47452
